{
  "accuracy": 0.48,
  "classification_report": {
    "Allergic Rhinitis": {
      "precision": 0.4117647058823529,
      "recall": 0.5268817204301075,
      "f1-score": 0.46226415094339623,
      "support": 93.0
    },
    "COVID-19": {
      "precision": 0.6363636363636364,
      "recall": 0.45901639344262296,
      "f1-score": 0.5333333333333333,
      "support": 61.0
    },
    "Common Cold": {
      "precision": 0.4146341463414634,
      "recall": 0.725609756097561,
      "f1-score": 0.5277161862527716,
      "support": 164.0
    },
    "Food Poisoning": {
      "precision": 0.6052631578947368,
      "recall": 0.40350877192982454,
      "f1-score": 0.4842105263157895,
      "support": 57.0
    },
    "Gastroenteritis": {
      "precision": 0.0,
      "recall": 0.0,
      "f1-score": 0.0,
      "support": 45.0
    },
    "Migraine": {
      "precision": 0.0,
      "recall": 0.0,
      "f1-score": 0.0,
      "support": 44.0
    },
    "Pneumonia": {
      "precision": 0.7435897435897436,
      "recall": 0.7945205479452054,
      "f1-score": 0.7682119205298014,
      "support": 73.0
    },
    "Urinary Tract Infection": {
      "precision": 0.34375,
      "recall": 0.1746031746031746,
      "f1-score": 0.23157894736842105,
      "support": 63.0
    },
    "accuracy": 0.48,
    "macro avg": {
      "precision": 0.39442067375899165,
      "recall": 0.385517545556062,
      "f1-score": 0.3759143830929391,
      "support": 600.0
    },
    "weighted avg": {
      "precision": 0.4259176679121532,
      "recall": 0.48,
      "f1-score": 0.43389716299901626,
      "support": 600.0
    }
  },
  "confusion_matrix": [
    [
      49,
      2,
      39,
      2,
      0,
      0,
      0,
      1
    ],
    [
      4,
      28,
      13,
      0,
      0,
      0,
      14,
      2
    ],
    [
      25,
      1,
      119,
      4,
      0,
      0,
      4,
      11
    ],
    [
      10,
      0,
      22,
      23,
      0,
      0,
      1,
      1
    ],
    [
      9,
      2,
      28,
      4,
      0,
      1,
      0,
      1
    ],
    [
      10,
      0,
      27,
      1,
      1,
      0,
      1,
      4
    ],
    [
      0,
      9,
      5,
      0,
      0,
      0,
      58,
      1
    ],
    [
      12,
      2,
      34,
      4,
      0,
      0,
      0,
      11
    ]
  ],
  "best_params": {
    "max_depth": 10,
    "min_samples_leaf": 1,
    "n_estimators": 200
  }
}